/*
James Smith
1/16/2020
CSD460
Module 3 Assignment
*/

DROP DATABASE IF EXISTS youtunes;
CREATE DATABASE youtunes;

DROP USER IF EXISTS 'youtunes_user'@'localhost';

CREATE USER 'youtunes_user'@'localhost' IDENTIFIED WITH mysql_native_password BY 'MySQL8IsGreat!';

GRANT ALL PRIVILEGES ON youtunes.* TO'youtunes_user'@'localhost';

CREATE TABLE `youtunes`.`artists` (
  `artist_id` INT(10),
  `first_name` VARCHAR(50),
  `last_name` VARCHAR(50),
  PRIMARY KEY (`artist_id`)
);

CREATE TABLE `youtunes`.`featured_in` (
  `artist_id` INT(10),
  `song_id` INT(10),
  PRIMARY KEY (`artist_id`, `song_id`),
  FOREIGN KEY (`artist_id`) REFERENCES `artists`(`artist_id`)
);

CREATE TABLE `youtunes`.`genres` (
  `genre_id` INT(10),
  `genre_name` VARCHAR(50),
  PRIMARY KEY (`genre_id`)
);

CREATE TABLE `youtunes`.`albums` (
  `album_id` INT(10),
  `album_title` VARCHAR(50),
  `release_year` INT(4),
  `genre_id` INT(10),
  PRIMARY KEY (`album_id`),
  FOREIGN KEY (`genre_id`) REFERENCES `genres`(`genre_id`)
);

CREATE TABLE `youtunes`.`songs` (
  `song_id` INT(10),
  `song_title` VARCHAR(50),
  `price` DECIMAL(10,2),
  `plays` INT(10),
  `album_id` INT(10),
  PRIMARY KEY (`song_id`),
  FOREIGN KEY (`album_id`) REFERENCES `albums`(`album_id`)
);

INSERT INTO `youtunes`.`artists` (`artist_id`, `first_name`, `last_name`) 
	VALUES 
	(1, 'Luke', 'Bryan'),
	(2, 'Katy', 'Perry'),
	(3, 'Mariah', 'Carey'),
	(4, 'Janet', 'Jackson'),
	(5, 'Bob', 'Dylan');

	
INSERT INTO `youtunes`.`genres` (`genre_id`, `genre_name`) 
	VALUES 
	(1, 'Country'),
	(2, 'Pop/Rock'),
	(3, 'R&B');

	
INSERT INTO `youtunes`.`albums` (`album_id`, `album_title`, `release_year`, `genre_id`) 
	VALUES 
	(1, 'Doin'' My Thing', 2009, 1),
	(2, 'Kill the Lights', 2015, 1),
	(3, 'Teenage Dream', 2010, 2),
	(4, 'One of the Boys', 2008, 2),
	(5, 'Memoirs of an Imperfect Angel', 2009, 3),
	(6, 'Me. I Am Mariah... The Elusive Chanteuse', 2014, 3),
	(7, 'Discipline', 2008, 3),
	(8, 'Unbreakable', 2015, 3),
	(9, 'Dylan', 2007, 2),
	(10, 'Together Through Life', 2009, 2);


INSERT INTO `youtunes`.`songs` (`song_id`, `song_title`, `price`, `plays`, `album_id`) 
	VALUES 
	(1, 'Rain Is a Good Thing', 1, 0, 1),
	(2, 'Doin'' My Thing', 1, 0, 1),
	(3, 'Do I', 1, 0, 1),
	(4, 'What Country Is', 1, 0, 1),
	(5, 'Someone Else Calling You Baby', 1, 0, 1),
	(6, 'Welcome to the Farm', 1, 0, 1),
	(7, 'Apologize', 1, 0, 1),
	(8, 'Every Time I See You', 1, 0, 1),
	(9, 'Chuggin'' Along', 1, 0, 1),
	(10, 'I Did It Again', 1, 0, 1),
	(11, 'Drinkin'' Beer and Wastin'' Bullets', 1, 0, 1),
	(12, 'Kick the Dust Up', 1, 0, 2),
	(13, 'Kill the Lights', 1, 0, 2),
	(14, 'Strip It Down', 1, 0, 2),
	(15, 'Home Alone Tonight', 1, 0, 2),
	(16, 'Razor Blade', 1, 0, 2),
	(17, 'Fast', 1, 0, 2),
	(18, 'Move', 1, 0, 2),
	(19, 'Just Over', 1, 0, 2),
	(20, 'Love It Gone', 1, 0, 2),
	(21, 'Way Way Back', 1, 0, 2),
	(22, 'To the Moon and Back', 1, 0, 2),
	(23, 'Huntin'', Fishin'' and Lovin'' Every Day', 1, 0, 2),
	(24, 'Scarecrows', 1, 0, 2),
	(25, 'Teenage Dream', 1, 0, 3),
	(26, 'Last Firday Night (T.G.I.F.)', 1, 0, 3),
	(27, 'California Gurls', 1, 0, 3),
	(28, 'Firework', 1, 0, 3),
	(29, 'Peacock', 1, 0, 3),
	(30, 'Circle the Drain', 1, 0, 3),
	(31, 'The One That Got Away', 1, 0, 3),
	(32, 'E.T.', 1, 0, 3),
	(33, 'Who Am I Living For?', 1, 0, 3),
	(34, 'Pearl', 1, 0, 3),
	(35, 'Hummingbird Heartbeat', 1, 0, 3),
	(36, 'Not Like the Movies', 1, 0, 3),
	(37, 'California Gurls [Passion Pit Main Mix]', 1, 0, 3),
	(38, 'Teenage Dream [Kaskade Club Mix]', 1, 0, 3),
	(39, 'One of the Boys', 1, 0, 4),
	(40, 'I Kissed a Girl', 1, 0, 4),
	(41, 'Waking Up in Vegas', 1, 0, 4),
	(42, 'Thinking of You', 1, 0, 4),
	(43, 'Mannequin', 1, 0, 4),
	(44, 'Ur So Gay', 1, 0, 4),
	(45, 'Hot N Cold', 1, 0, 4),
	(46, 'If You Can Afford Me', 1, 0, 4),
	(47, 'Lost', 1, 0, 4),
	(48, 'Self Inflicted', 1, 0, 4),
	(49, 'I''m Still Breathing', 1, 0, 4),
	(50, 'Fingerprints', 1, 0, 4),
	(51, 'Betcha Gon'' Know (The Prologue)', 1, 0, 5),
	(52, 'Obsessed', 1, 0, 5),
	(53, 'H.A.T.E.U.', 1, 0, 5),
	(54, 'Candy Blind', 1, 0, 5),
	(55, 'Ribbon', 1, 0, 5),
	(56, 'Inseparable', 1, 0, 5),
	(57, 'Standing O', 1, 0, 5),
	(58, 'It''s a Wrap', 1, 0, 5),
	(59, 'Up out My Face', 1, 0, 5),
	(60, 'Up out My Face (The Reprise)', 1, 0, 5),
	(61, 'More Than Just Friends', 1, 0, 5),
	(62, 'The Impossible', 1, 0, 5),
	(63, 'The Impossible (Reprise)', 1, 0, 5),
	(64, 'Angel (The Prelude)', 1, 0, 5),
	(65, 'Angels Cry', 1, 0, 5),
	(66, 'Languishing (The Interlude)', 1, 0, 5),
	(67, 'I Want to Know What Love Is', 1, 0, 5),
	(68, 'Cry', 1, 0, 6),
	(69, 'Faded', 1, 0, 6),
	(70, 'Dedicated', 1, 0, 6),
	(71, '#Beautiful', 1, 0, 6),
	(72, 'Thirsty', 1, 0, 6),
	(73, 'Make It Look Good', 1, 0, 6),
	(74, 'You''re Mine (Eternal)', 1, 0, 6),
	(75, 'You Don''t Know What To Do', 1, 0, 6),
	(76, 'Supernatural', 1, 0, 6),
	(77, 'Meteorite', 1, 0, 6),
	(78, 'Camouflage', 1, 0, 6),
	(79, 'Money', 1, 0, 6),
	(80, 'One More Try', 1, 0, 6),
	(81, 'Heavenly (No Ways Tired/Can''t Give Up Now)', 1, 0, 6),
	(82, 'Feedback', 1, 0, 7),
	(83, 'I.D.', 1, 0, 7),
	(84, 'Luv', 1, 0, 7),
	(85, 'Spinnin', 1, 0, 7),
	(86, 'Rollercoaster', 1, 0, 7),
	(87, 'Bathroom Break', 1, 0, 7),
	(88, 'Rock with U', 1, 0, 7),
	(89, '2Nite', 1, 0, 7),
	(90, 'Can''t B Good', 1, 0, 7),
	(91, '4 Words', 1, 0, 7),
	(92, 'Never Letchu Go', 1, 0, 7),
	(93, 'Truth or Dare', 1, 0, 7),
	(94, 'Greatest X', 1, 0, 7),
	(95, 'Good Morning Janet', 1, 0, 7),
	(96, 'So Much Betta', 1, 0, 7),
	(97, 'Play Selection', 1, 0, 7),
	(98, 'The 1', 1, 0, 7),
	(99, 'What''s Ur Name', 1, 0, 7),
	(100, 'The Meaning', 1, 0, 7),
	(101, 'Discipline', 1, 0, 7),
	(102, 'Back', 1, 0, 7),
	(103, 'Curtains', 1, 0, 7),
	(104, 'Unbreakable', 1, 0, 8),
	(105, 'Burnitup!', 1, 0, 8),
	(106, 'Dammn Baby', 1, 0, 8),
	(107, 'The Great Forever', 1, 0, 8),
	(108, 'Shoulda Known Better', 1, 0, 8),
	(109, 'After You Fall', 1, 0, 8),
	(110, 'Broken Hearts Heal', 1, 0, 8),
	(111, 'Night', 1, 0, 8),
	(112, 'No Sleeep', 1, 0, 8),
	(113, 'Dream Maker/Euphoria', 1, 0, 8),
	(114, '2 B Loved', 1, 0, 8),
	(115, 'Take Me Away', 1, 0, 8),
	(116, 'Promise', 1, 0, 8),
	(117, 'Lessons Learned', 1, 0, 8),
	(118, 'Black Eagle', 1, 0, 8),
	(119, 'Well Traveled', 1, 0, 8),
	(120, 'Gon'' B Alright', 1, 0, 8),
	(121, 'Song to Woody', 1, 0, 9),
	(122, 'Blowin'' in the Wind', 1, 0, 9),
	(123, 'Masters of War', 1, 0, 9),
	(124, 'Don''t Think Twice, It''s All Right', 1, 0, 9),
	(125, 'A Hard Rain''s A-Gonna Fall', 1, 0, 9),
	(126, 'The Time They Are A-Changin''', 1, 0, 9),
	(127, 'All I Really Want to Do', 1, 0, 9),
	(128, 'My Back Pages', 1, 0, 9),
	(129, 'It Ain''t Me, Babe', 1, 0, 9),
	(130, 'Subterranean Homesick Blues', 1, 0, 9),
	(131, 'Mr. Tambourine Man', 1, 0, 9),
	(132, 'Maggie''s Farm', 1, 0, 9),
	(133, 'Like a Rolling Stone', 1, 0, 9),
	(134, 'It''s All Over Now, Baby Blue', 1, 0, 9),
	(135, 'Positively 4th Street', 1, 0, 9),
	(136, 'Rainy Day Women #12 & 35', 1, 0, 9),
	(137, 'Just Like a Woman', 1, 0, 9),
	(138, 'Most Likely You Go Your Way (And I''ll Go Mine)', 1, 0, 9),
	(139, 'All Along the Watchtower', 1, 0, 9),
	(140, 'Beyond Here Lies Nothin''', 1, 0, 10),
	(141, 'Life Is Hard', 1, 0, 10),
	(142, 'My Wife''s Home Town', 1, 0, 10),
	(143, 'If You Ever Go to Houston', 1, 0, 10),
	(144, 'Forgetful Heart', 1, 0, 10),
	(145, 'Jolene', 1, 0, 10),
	(146, 'This Dream of You', 1, 0, 10),
	(147, 'Shake Shake Mama', 1, 0, 10),
	(148, 'I Feel a Change Comin'' On', 1, 0, 10),
	(149, 'It''s All Good', 1, 0, 10);

	
INSERT INTO `youtunes`.`featured_in` (`artist_id`, `song_id`) 
	VALUES 
    (1, 1),
	(1, 2),
	(1, 3),
	(1, 4),
	(1, 5),
	(1, 6),
	(1, 7),
	(1, 8),
	(1, 9),
	(1, 10),
	(1, 11),
	(1, 12),
	(1, 13),
	(1, 14),
	(1, 15),
	(1, 16),
	(1, 17),
	(1, 18),
	(1, 19),
	(1, 20),
	(1, 21),
	(1, 22),
	(1, 23),
	(1, 24),
	(2, 25),
	(2, 26),
	(2, 27),
	(2, 28),
	(2, 29),
	(2, 30),
	(2, 31),
	(2, 32),
	(2, 33),
	(2, 34),
	(2, 35),
	(2, 36),
	(2, 37),
	(2, 38),
	(2, 39),
	(2, 40),
	(2, 41),
	(2, 42),
	(2, 43),
	(2, 44),
	(2, 45),
	(2, 46),
	(2, 47),
	(2, 48),
	(2, 49),
	(2, 50),
	(3, 51),
	(3, 52),
	(3, 53),
	(3, 54),
	(3, 55),
	(3, 56),
	(3, 57),
	(3, 58),
	(3, 59),
	(3, 60),
	(3, 61),
	(3, 62),
	(3, 63),
	(3, 64),
	(3, 65),
	(3, 66),
	(3, 67),
	(3, 68),
	(3, 69),
	(3, 70),
	(3, 71),
	(3, 72),
	(3, 73),
	(3, 74),
	(3, 75),
	(3, 76),
	(3, 77),
	(3, 78),
	(3, 79),
	(3, 80),
	(3, 81),
	(4, 82),
	(4, 83),
	(4, 84),
	(4, 85),
	(4, 86),
	(4, 87),
	(4, 88),
	(4, 89),
	(4, 90),
	(4, 91),
	(4, 92),
	(4, 93),
	(4, 94),
	(4, 95),
	(4, 96),
	(4, 97),
	(4, 98),
	(4, 99),
	(4, 100),
	(4, 101),
	(4, 102),
	(4, 103),
	(4, 104),
	(4, 105),
	(4, 106),
	(4, 107),
	(4, 108),
	(4, 109),
	(4, 110),
	(4, 111),
	(4, 112),
	(4, 113),
	(4, 114),
	(4, 115),
	(4, 116),
	(4, 117),
	(4, 118),
	(4, 119),
	(4, 120),
	(5, 121),
	(5, 122),
	(5, 123),
	(5, 124),
	(5, 125),
	(5, 126),
	(5, 127),
	(5, 128),
	(5, 129),
	(5, 130),
	(5, 131),
	(5, 132),
	(5, 133),
	(5, 134),
	(5, 135),
	(5, 136),
	(5, 137),
	(5, 138),
	(5, 139),
	(5, 140),
	(5, 141),
	(5, 142),
	(5, 143),
	(5, 144),
	(5, 145),
	(5, 146),
	(5, 147),
	(5, 148),
	(5, 149);